Index,X,Y,Species,DBH,Age,a,b,Height
1,-3.01510040283203,4.49012390136719,1,13.7670737327441,8,8.26000022888184,0.535199999809265,339.624221617541
2,-1.15862800598145,3.41401184082031,1,13.7264196070566,8,8.26000022888184,0.535199999809265,339.035140449002
3,2.30499237060547,-3.93758361816406,1,13.6479339117627,8,8.26000022888184,0.535199999809265,337.89772185793
4,-4.86659912109375,-2.02430099487305,1,13.6056283998126,8,8.26000022888184,0.535199999809265,337.284543413252
5,2.75609344482422,-4.92336364746094,1,13.7675378293255,8,8.26000022888184,0.535199999809265,339.63094609305
6,2.17655044555664,-1.30220504760742,1,13.6540755650777,8,8.26000022888184,0.535199999809265,337.986734381424
7,1.16508193969727,2.19029541015625,1,13.7174306837475,8,8.26000022888184,0.535199999809265,338.904882900996
8,4.39108184814453,3.47533111572266,1,13.6197771534531,8,8.26000022888184,0.535199999809265,337.489622852063
9,2.37588287353516,4.54658142089844,1,13.7460949063675,8,8.26000022888184,0.535199999809265,339.320243788343
10,3.84604156494141,-3.32407470703125,1,13.698339662599,8,8.26000022888184,0.535199999809265,338.628228006418
