Replicate_No index,x,y,species,dbh,age,a,b,H
117,12.76425152,12.91724576,3,4.038787092,1,8.209,0.5352,244.7657979
118,12.77274175,16.14173234,3,4.020956011,1,8.209,0.5352,244.2938736