x,y,species,dbh,age,a,b,H
42,19,3,2.5,1,8.209,0.5352,203.91375
8,13,3,2.5,1,8.209,0.5352,203.91375
59,95,3,2.5,1,8.209,0.5352,203.91375
54,88,3,2.5,1,8.209,0.5352,203.91375
13,31,3,2.5,1,8.209,0.5352,203.91375
79,98,3,2.5,1,8.209,0.5352,203.91375
8,35,3,2.5,1,8.209,0.5352,203.91375
87,1,3,2.5,1,8.209,0.5352,203.91375
20,18,3,2.5,1,8.209,0.5352,203.91375
28,28,3,2.5,1,8.209,0.5352,203.91375
